cohort	pathway	n_samples	mean_score	sd_score	q25	q50	q75
HTG_SCANB	HALLMARK_INTERFERON_GAMMA_RESPONSE	326	0.24748752909200603	0.08157688123986194	0.19254540822126465	0.2450709337534564	0.30775706547029225
