Gene	logFC_ISPY2	FDR_ISPY2	logFC_GSE	FDR_GSE	sig_ISPY2	sig_GSE	same_dir
IFNG	0.13280567562145493	0.5130784595848562	-1.330534586155511	0.9994332785153688	FALSE	FALSE	FALSE
CXCL9	1.451685907607009	0.01061493574617521	0.9217679999162228	0.9994332785153688	TRUE	FALSE	TRUE
CXCL10	1.1146189929054728	0.00321077395920373	-1.5644919268854518	0.9994332785153688	TRUE	FALSE	FALSE
STAT1	0.6170562273166638	0.02209228349502115	0.5441774801453314	0.9994332785153688	TRUE	FALSE	TRUE
CD274	0.34458423154784656	0.02659974953332432	-0.0218101621300584	0.9994332785153688	TRUE	FALSE	FALSE
PDCD1	0.7244355747660987	0.02451730850454679	-0.1982256770412229	0.9994332785153688	TRUE	FALSE	FALSE
