AUC_media	AUC_sd	AUC_q25	AUC_q50	AUC_q75	AUC_original	n_iter	n_R	n_NR	n_bal
0.31494598765432097	0.03441711755130814	0.2899305555555556	0.3194444444444445	0.341820987654321	0.3168276972624799	200	36	69	36
