modelo	AUC
IFN-γ	0.3168276972624799
Multivía	0.31239935587761675
